id;url;title;description;poster;tags;source
;https://mydaddy.cc/video/4609a0cb0481252aca/&alt;;;;"adult mydaddy video";https://bit.ly/36wIOOH
;https://mydaddy.cc/video/2ca1de0793314ea5ca/&alt;;;https://i.imgur.com/tulsVUj.gif;"adult mydaddy video";
;https://mydaddy.cc/video/5fc4698a9539a70bca/&alt;;;;"adult mydaddy video";
;https://mydaddy.cc/video/d66a51f275b1b6f8ca/&alt;;;;"adult mydaddy video";
;https://mydaddy.cc/video/c7f06a3e0ab3785ccb/&alt;;;;"adult mydaddy video";
;https://mydaddy.cc/video/b63c87b0a41016adcb/&alt;;;;"adult mydaddy video";
;https://mydaddy.cc/video/07716bfdcf099595cb/&alt;;;;"adult mydaddy video";
;https://mydaddy.cc/video/2a3eac42d756ec78cb/&alt;;;;"adult mydaddy video";
;https://mydaddy.cc/video/22dedc994b523b6fca/&alt;;;;"adult mydaddy video";
;https://mydaddy.cc/video/a3e8b5e0becdbfb1cb/&alt;;;;"adult mydaddy video";
;https://mydaddy.cc/video/728af2fb27f319c4cb/&alt;;;;"adult mydaddy video";
;https://mydaddy.cc/video/e1c03a94d8ec9cd6ca/&alt;;;;"adult mydaddy video";
;https://mydaddy.cc/video/dcb2916ea7214b98ca/&alt;;;;"adult mydaddy video";
;https://mydaddy.cc/video/59af62180b0d04edca/&alt;;;;"adult mydaddy video";
;https://mydaddy.cc/video/8cb25c02a52e3d1bca/&alt;;;;"adult mydaddy video";
;https://mydaddy.cc/video/dc61c1317e2c1637ca/&alt;;;;"adult mydaddy video";
;https://mydaddy.cc/video/1b4ee40ffb4c7cf0ca/&alt;;;;"adult mydaddy video";
;https://mydaddy.cc/video/efba0d602748d6f5ca/&alt;;;https://i.imgur.com/eL8sRo6.jpg;"adult mydaddy video";
